{
  "light_gray_concrete_powder": {
    "colour": {
      "r": 0.607414186000824,
      "b": 0.5811274647712708,
      "g": 0.6076746582984924
    },
    "texcoord": {
      "u": 0.5034722089767456,
      "v": 0.3368055522441864
    }
  },
  "red_concrete": {
    "colour": {
      "r": 0.5583639740943909,
      "b": 0.12867647409439087,
      "g": 0.12867647409439087
    },
    "texcoord": {
      "u": 0.3368055522441864,
      "v": 0.6701388955116272
    }
  },
  "cyan_concrete_powder": {
    "colour": {
      "r": 0.1437193602323532,
      "b": 0.6163143515586853,
      "g": 0.5803002715110779
    },
    "texcoord": {
      "u": 0.1701388955116272,
      "v": 0.1701388955116272
    }
  },
  "lime_concrete": {
    "colour": {
      "r": 0.3689797818660736,
      "b": 0.09607843309640884,
      "g": 0.6619791388511658
    },
    "texcoord": {
      "u": 0.6701388955116272,
      "v": 0.3368055522441864
    }
  },
  "black_concrete": {
    "colour": {
      "r": 0.03295036777853966,
      "b": 0.060401346534490585,
      "g": 0.04079350456595421
    },
    "texcoord": {
      "u": 0.0034722222480922937,
      "v": 0.0034722222480922937
    }
  },
  "blue_concrete": {
    "colour": {
      "r": 0.1746629923582077,
      "b": 0.5624387264251709,
      "g": 0.18250612914562225
    },
    "texcoord": {
      "u": 0.3368055522441864,
      "v": 0.0034722222480922937
    }
  },
  "light_blue_concrete_powder": {
    "colour": {
      "r": 0.2912990152835846,
      "b": 0.836718738079071,
      "g": 0.7087469100952148
    },
    "texcoord": {
      "u": 0.1701388955116272,
      "v": 0.3368055522441864
    }
  },
  "white_concrete_powder": {
    "colour": {
      "r": 0.8852022290229797,
      "b": 0.8934895992279053,
      "g": 0.892126202583313
    },
    "texcoord": {
      "u": 0.836805522441864,
      "v": 0.6701388955116272
    }
  },
  "magenta_concrete_powder": {
    "colour": {
      "r": 0.7557904124259949,
      "b": 0.7240655422210693,
      "g": 0.32866114377975464
    },
    "texcoord": {
      "u": 0.1701388955116272,
      "v": 0.5034722089767456
    }
  },
  "brown_concrete_powder": {
    "colour": {
      "r": 0.4922947287559509,
      "b": 0.21122854948043823,
      "g": 0.33273589611053467
    },
    "texcoord": {
      "u": 0.836805522441864,
      "v": 0.0034722222480922937
    }
  },
  "yellow_concrete": {
    "colour": {
      "r": 0.9450520873069763,
      "b": 0.08411458134651184,
      "g": 0.6878829598426819
    },
    "texcoord": {
      "u": 0.0034722222480922937,
      "v": 0.836805522441864
    }
  },
  "green_concrete": {
    "colour": {
      "r": 0.28786763548851013,
      "b": 0.1431066244840622,
      "g": 0.3581954538822174
    },
    "texcoord": {
      "u": 0.6701388955116272,
      "v": 0.1701388955116272
    }
  },
  "light_gray_concrete": {
    "colour": {
      "r": 0.49031862616539,
      "b": 0.45110294222831726,
      "g": 0.49031862616539
    },
    "texcoord": {
      "u": 0.3368055522441864,
      "v": 0.3368055522441864
    }
  },
  "brown_concrete": {
    "colour": {
      "r": 0.3782322406768799,
      "b": 0.12391237914562225,
      "g": 0.23351715505123138
    },
    "texcoord": {
      "u": 0.6701388955116272,
      "v": 0.0034722222480922937
    }
  },
  "cyan_concrete": {
    "colour": {
      "r": 0.08409926295280457,
      "b": 0.5340686440467834,
      "g": 0.4675244987010956
    },
    "texcoord": {
      "u": 0.0034722222480922937,
      "v": 0.1701388955116272
    }
  },
  "purple_concrete": {
    "colour": {
      "r": 0.3937806487083435,
      "b": 0.6132659316062927,
      "g": 0.1240042895078659
    },
    "texcoord": {
      "u": 0.0034722222480922937,
      "v": 0.6701388955116272
    }
  },
  "green_concrete_powder": {
    "colour": {
      "r": 0.3811274468898773,
      "b": 0.17477022111415863,
      "g": 0.4671415388584137
    },
    "texcoord": {
      "u": 0.836805522441864,
      "v": 0.1701388955116272
    }
  },
  "gray_concrete_powder": {
    "colour": {
      "r": 0.30174630880355835,
      "b": 0.33299630880355835,
      "g": 0.31806066632270813
    },
    "texcoord": {
      "u": 0.5034722089767456,
      "v": 0.1701388955116272
    }
  },
  "orange_concrete_powder": {
    "colour": {
      "r": 0.8912990093231201,
      "b": 0.12513786554336548,
      "g": 0.5170955657958984
    },
    "texcoord": {
      "u": 0.5034722089767456,
      "v": 0.5034722089767456
    }
  },
  "light_blue_concrete": {
    "colour": {
      "r": 0.13959865272045135,
      "b": 0.7800551652908325,
      "g": 0.5374081134796143
    },
    "texcoord": {
      "u": 0.0034722222480922937,
      "v": 0.3368055522441864
    }
  },
  "white_concrete": {
    "colour": {
      "r": 0.8121936321258545,
      "b": 0.8395067453384399,
      "g": 0.8356004953384399
    },
    "texcoord": {
      "u": 0.6701388955116272,
      "v": 0.6701388955116272
    }
  },
  "black_concrete_powder": {
    "colour": {
      "r": 0.0992034301161766,
      "b": 0.12539827823638916,
      "g": 0.10487132519483566
    },
    "texcoord": {
      "u": 0.1701388955116272,
      "v": 0.0034722222480922937
    }
  },
  "lime_concrete_powder": {
    "colour": {
      "r": 0.49171262979507446,
      "b": 0.16433823108673096,
      "g": 0.7422487735748291
    },
    "texcoord": {
      "u": 0.836805522441864,
      "v": 0.3368055522441864
    }
  },
  "blue_concrete_powder": {
    "colour": {
      "r": 0.27544423937797546,
      "b": 0.6542432308197021,
      "g": 0.2873161733150482
    },
    "texcoord": {
      "u": 0.5034722089767456,
      "v": 0.0034722222480922937
    }
  },
  "yellow_concrete_powder": {
    "colour": {
      "r": 0.913281261920929,
      "b": 0.2147824764251709,
      "g": 0.78108149766922
    },
    "texcoord": {
      "u": 0.1701388955116272,
      "v": 0.836805522441864
    }
  },
  "purple_concrete_powder": {
    "colour": {
      "r": 0.5173406600952148,
      "b": 0.6964613795280457,
      "g": 0.21833640336990356
    },
    "texcoord": {
      "u": 0.1701388955116272,
      "v": 0.6701388955116272
    }
  },
  "magenta_concrete": {
    "colour": {
      "r": 0.6635569930076599,
      "b": 0.6243566274642944,
      "g": 0.1901041716337204
    },
    "texcoord": {
      "u": 0.0034722222480922937,
      "v": 0.5034722089767456
    }
  },
  "pink_concrete_powder": {
    "colour": {
      "r": 0.8974877595901489,
      "b": 0.7100183963775635,
      "g": 0.601286768913269
    },
    "texcoord": {
      "u": 0.836805522441864,
      "v": 0.5034722089767456
    }
  },
  "gray_concrete": {
    "colour": {
      "r": 0.21418504416942596,
      "b": 0.2416360229253769,
      "g": 0.2259497493505478
    },
    "texcoord": {
      "u": 0.3368055522441864,
      "v": 0.1701388955116272
    }
  },
  "orange_concrete": {
    "colour": {
      "r": 0.8797793984413147,
      "b": 0.002481617731973529,
      "g": 0.38092830777168274
    },
    "texcoord": {
      "u": 0.3368055522441864,
      "v": 0.5034722089767456
    }
  },
  "pink_concrete": {
    "colour": {
      "r": 0.8372548818588257,
      "b": 0.560263454914093,
      "g": 0.39612439274787903
    },
    "texcoord": {
      "u": 0.6701388955116272,
      "v": 0.5034722089767456
    }
  },
  "red_concrete_powder": {
    "colour": {
      "r": 0.6596047878265381,
      "b": 0.1985294073820114,
      "g": 0.2123008519411087
    },
    "texcoord": {
      "u": 0.5034722089767456,
      "v": 0.6701388955116272
    }
  }
}